{
  "_generated": "Generated by SweetTooth, do not edit",
  "description": "Displays internet upload speed, download speed, bandwidth, data usage. \n\n visit github page for instructions, suggestions and feature requests. \n\n ERROR while updating extension ? restart your system or reload gnome shell. Alt + F2  then  r + Enter",
  "gettext-domain": "network-stats",
  "name": "Network Stats",
  "settings-schema": "org.gnome.shell.extensions.network-stats",
  "shell-version": [
    "3.24",
    "3.26",
    "3.28",
    "3.30",
    "3.34",
    "3.32",
    "3.36",
    "3.38",
    "40",
    "41",
    "42",
    "43",
    "44"
  ],
  "url": "https://github.com/noroadsleft000/gnome-network-stats",
  "uuid": "network-stats@gnome.noroadsleft.xyz",
  "version": 20
}